role_family,skill_id,importance_or_freq,source_id,license,source_url,data_year,retrieved_at
ai_ml,SK_PYTHON,0.95,S03,CC BY 4.0,https://www.onetcenter.org/,2024,2026-10-05T10:49:22.702882+00:00
ai_ml,SK_DEEP_LEARNING,0.92,S03,CC BY 4.0,https://www.onetcenter.org/,2024,2026-10-05T10:49:22.702882+00:00
ai_ml,SK_ML,0.9,S03,CC BY 4.0,https://www.onetcenter.org/,2024,2026-10-05T10:49:22.702882+00:00
ai_ml,SK_NLP,0.82,S03,CC BY 4.0,https://www.onetcenter.org/,2024,2026-10-05T10:49:22.702882+00:00
ai_ml,SK_CLOUD_DEVOPS,0.78,S03,CC BY 4.0,https://www.onetcenter.org/,2024,2026-10-05T10:49:22.702882+00:00
ai_ml,SK_SQL,0.7,S03,CC BY 4.0,https://www.onetcenter.org/,2024,2026-10-05T10:49:22.702882+00:00
ai_ml,SK_MATH_OPT,0.68,S03,CC BY 4.0,https://www.onetcenter.org/,2024,2026-10-05T10:49:22.702882+00:00
ai_ml,SK_BIG_DATA,0.65,S03,CC BY 4.0,https://www.onetcenter.org/,2024,2026-10-05T10:49:22.702882+00:00
ai_ml,SK_R,0.25,S03,CC BY 4.0,https://www.onetcenter.org/,2024,2026-10-05T10:49:22.702882+00:00
ai_ml,SK_STATS_INF,0.55,S03,CC BY 4.0,https://www.onetcenter.org/,2024,2026-10-05T10:49:22.702882+00:00
ai_ml,SK_DATA_VIZ,0.4,S03,CC BY 4.0,https://www.onetcenter.org/,2024,2026-10-05T10:49:22.702882+00:00
ai_ml,SK_TIME_SERIES,0.45,S03,CC BY 4.0,https://www.onetcenter.org/,2024,2026-10-05T10:49:22.702882+00:00
ai_ml,SK_COMM,0.65,S03,CC BY 4.0,https://www.onetcenter.org/,2024,2026-10-05T10:49:22.702882+00:00
ai_ml,SK_PROBLEM_SOLVING,0.85,S03,CC BY 4.0,https://www.onetcenter.org/,2024,2026-10-05T10:49:22.702882+00:00
data_science,SK_PYTHON,0.94,S03,CC BY 4.0,https://www.onetcenter.org/,2024,2026-10-05T10:49:22.702882+00:00
data_science,SK_SQL,0.9,S03,CC BY 4.0,https://www.onetcenter.org/,2024,2026-10-05T10:49:22.702882+00:00
data_science,SK_ML,0.88,S03,CC BY 4.0,https://www.onetcenter.org/,2024,2026-10-05T10:49:22.702882+00:00
data_science,SK_STATS_INF,0.82,S03,CC BY 4.0,https://www.onetcenter.org/,2024,2026-10-05T10:49:22.702882+00:00
data_science,SK_REGRESSION,0.8,S03,CC BY 4.0,https://www.onetcenter.org/,2024,2026-10-05T10:49:22.702882+00:00
data_science,SK_DATA_VIZ,0.75,S03,CC BY 4.0,https://www.onetcenter.org/,2024,2026-10-05T10:49:22.702882+00:00
data_science,SK_R,0.55,S03,CC BY 4.0,https://www.onetcenter.org/,2024,2026-10-05T10:49:22.702882+00:00
data_science,SK_BIG_DATA,0.6,S03,CC BY 4.0,https://www.onetcenter.org/,2024,2026-10-05T10:49:22.702882+00:00
data_science,SK_CLOUD_DEVOPS,0.62,S03,CC BY 4.0,https://www.onetcenter.org/,2024,2026-10-05T10:49:22.702882+00:00
data_science,SK_TIME_SERIES,0.65,S03,CC BY 4.0,https://www.onetcenter.org/,2024,2026-10-05T10:49:22.702882+00:00
data_science,SK_DEEP_LEARNING,0.68,S03,CC BY 4.0,https://www.onetcenter.org/,2024,2026-10-05T10:49:22.702882+00:00
data_science,SK_COMM,0.8,S03,CC BY 4.0,https://www.onetcenter.org/,2024,2026-10-05T10:49:22.702882+00:00
data_science,SK_PROBLEM_SOLVING,0.88,S03,CC BY 4.0,https://www.onetcenter.org/,2024,2026-10-05T10:49:22.702882+00:00
statistics,SK_STATS_INF,0.96,S03,CC BY 4.0,https://www.onetcenter.org/,2024,2026-10-05T10:49:22.702882+00:00
statistics,SK_REGRESSION,0.94,S03,CC BY 4.0,https://www.onetcenter.org/,2024,2026-10-05T10:49:22.702882+00:00
statistics,SK_R,0.9,S03,CC BY 4.0,https://www.onetcenter.org/,2024,2026-10-05T10:49:22.702882+00:00
statistics,SK_TIME_SERIES,0.85,S03,CC BY 4.0,https://www.onetcenter.org/,2024,2026-10-05T10:49:22.702882+00:00
statistics,SK_MATH_OPT,0.8,S03,CC BY 4.0,https://www.onetcenter.org/,2024,2026-10-05T10:49:22.702882+00:00
statistics,SK_PYTHON,0.75,S03,CC BY 4.0,https://www.onetcenter.org/,2024,2026-10-05T10:49:22.702882+00:00
statistics,SK_SQL,0.65,S03,CC BY 4.0,https://www.onetcenter.org/,2024,2026-10-05T10:49:22.702882+00:00
statistics,SK_DATA_VIZ,0.65,S03,CC BY 4.0,https://www.onetcenter.org/,2024,2026-10-05T10:49:22.702882+00:00
statistics,SK_ML,0.6,S03,CC BY 4.0,https://www.onetcenter.org/,2024,2026-10-05T10:49:22.702882+00:00
statistics,SK_COMM,0.78,S03,CC BY 4.0,https://www.onetcenter.org/,2024,2026-10-05T10:49:22.702882+00:00
statistics,SK_PROBLEM_SOLVING,0.85,S03,CC BY 4.0,https://www.onetcenter.org/,2024,2026-10-05T10:49:22.702882+00:00
statistics,SK_CLOUD_DEVOPS,0.3,S03,CC BY 4.0,https://www.onetcenter.org/,2024,2026-10-05T10:49:22.702882+00:00
statistics,SK_DEEP_LEARNING,0.35,S03,CC BY 4.0,https://www.onetcenter.org/,2024,2026-10-05T10:49:22.702882+00:00
statistics,SK_BIG_DATA,0.4,S03,CC BY 4.0,https://www.onetcenter.org/,2024,2026-10-05T10:49:22.702882+00:00
data_analyst,SK_SQL,0.98,S03,CC BY 4.0,https://www.onetcenter.org/,2024,2026-10-05T10:49:22.702882+00:00
data_analyst,SK_DATA_VIZ,0.95,S03,CC BY 4.0,https://www.onetcenter.org/,2024,2026-10-05T10:49:22.702882+00:00
data_analyst,SK_PYTHON,0.82,S03,CC BY 4.0,https://www.onetcenter.org/,2024,2026-10-05T10:49:22.702882+00:00
data_analyst,SK_COMM,0.9,S03,CC BY 4.0,https://www.onetcenter.org/,2024,2026-10-05T10:49:22.702882+00:00
data_analyst,SK_PROBLEM_SOLVING,0.86,S03,CC BY 4.0,https://www.onetcenter.org/,2024,2026-10-05T10:49:22.702882+00:00
data_analyst,SK_REGRESSION,0.6,S03,CC BY 4.0,https://www.onetcenter.org/,2024,2026-10-05T10:49:22.702882+00:00
data_analyst,SK_BIG_DATA,0.68,S03,CC BY 4.0,https://www.onetcenter.org/,2024,2026-10-05T10:49:22.702882+00:00
data_analyst,SK_STATS_INF,0.58,S03,CC BY 4.0,https://www.onetcenter.org/,2024,2026-10-05T10:49:22.702882+00:00
data_analyst,SK_CLOUD_DEVOPS,0.65,S03,CC BY 4.0,https://www.onetcenter.org/,2024,2026-10-05T10:49:22.702882+00:00
data_analyst,SK_R,0.4,S03,CC BY 4.0,https://www.onetcenter.org/,2024,2026-10-05T10:49:22.702882+00:00
data_analyst,SK_ML,0.45,S03,CC BY 4.0,https://www.onetcenter.org/,2024,2026-10-05T10:49:22.702882+00:00
